"Notes","Year","Year Code","MCD - ICD Sub-Chapter","MCD - ICD Sub-Chapter Code","Five-Year Age Groups","Five-Year Age Groups Code",Deaths,Population,Crude Rate
,"2010","2010","Other bacterial diseases","A30-A49","< 1 year","1",604,3944153,15.3
,"2010","2010","Other bacterial diseases","A30-A49","1-4 years","1-4",233,16257209,1.4
,"2010","2010","Other bacterial diseases","A30-A49","5-9 years","5-9",119,20348657,0.6
,"2010","2010","Other bacterial diseases","A30-A49","10-14 years","10-14",147,20677194,0.7
,"2010","2010","Other bacterial diseases","A30-A49","15-19 years","15-19",264,22040343,1.2
,"2010","2010","Other bacterial diseases","A30-A49","20-24 years","20-24",492,21585999,2.3
,"2010","2010","Other bacterial diseases","A30-A49","25-29 years","25-29",660,21101849,3.1
,"2010","2010","Other bacterial diseases","A30-A49","30-34 years","30-34",916,19962099,4.6
,"2010","2010","Other bacterial diseases","A30-A49","35-39 years","35-39",1424,20179642,7.1
,"2010","2010","Other bacterial diseases","A30-A49","40-44 years","40-44",2385,20890964,11.4
,"2010","2010","Other bacterial diseases","A30-A49","45-49 years","45-49",4423,22708591,19.5
,"2010","2010","Other bacterial diseases","A30-A49","50-54 years","50-54",7311,22298125,32.8
,"2010","2010","Other bacterial diseases","A30-A49","55-59 years","55-59",10142,19664805,51.6
,"2010","2010","Other bacterial diseases","A30-A49","60-64 years ","60-64",12738,16817924,75.7
,"2010","2010","Other bacterial diseases","A30-A49","65-69 years","65-69",14675,12435263,118.0
,"2010","2010","Other bacterial diseases","A30-A49","70-74 years","70-74",16533,9278166,178.2
,"2010","2010","Other bacterial diseases","A30-A49","75-79 years","75-79",20097,7317795,274.6
,"2010","2010","Other bacterial diseases","A30-A49","80-84 years","80-84",24022,5743327,418.3
,"2010","2010","Other bacterial diseases","A30-A49","85-89 years","85-89",23670,Not Applicable,Not Applicable
,"2010","2010","Other bacterial diseases","A30-A49","90-94 years","90-94",13443,Not Applicable,Not Applicable
,"2010","2010","Other bacterial diseases","A30-A49","95-99 years","95-99",4564,Not Applicable,Not Applicable
,"2010","2010","Other bacterial diseases","A30-A49","100+ years","100+",777,Not Applicable,Not Applicable
,"2011","2011","Other bacterial diseases","A30-A49","< 1 year","1",490,3996537,12.3
,"2011","2011","Other bacterial diseases","A30-A49","1-4 years","1-4",215,16165521,1.3
,"2011","2011","Other bacterial diseases","A30-A49","5-9 years","5-9",124,20334196,0.6
,"2011","2011","Other bacterial diseases","A30-A49","10-14 years","10-14",155,20704852,0.7
,"2011","2011","Other bacterial diseases","A30-A49","15-19 years","15-19",230,21644043,1.1
,"2011","2011","Other bacterial diseases","A30-A49","20-24 years","20-24",469,22153832,2.1
,"2011","2011","Other bacterial diseases","A30-A49","25-29 years","25-29",681,21279794,3.2
,"2011","2011","Other bacterial diseases","A30-A49","30-34 years","30-34",1009,20510704,4.9
,"2011","2011","Other bacterial diseases","A30-A49","35-39 years","35-39",1432,19594309,7.3
,"2011","2011","Other bacterial diseases","A30-A49","40-44 years","40-44",2481,21033645,11.8
,"2011","2011","Other bacterial diseases","A30-A49","45-49 years","45-49",4394,22158005,19.8
,"2011","2011","Other bacterial diseases","A30-A49","50-54 years","50-54",7725,22560198,34.2
,"2011","2011","Other bacterial diseases","A30-A49","55-59 years","55-59",10597,20255548,52.3
,"2011","2011","Other bacterial diseases","A30-A49","60-64 years ","60-64",13685,17806592,76.9
,"2011","2011","Other bacterial diseases","A30-A49","65-69 years","65-69",15154,12873788,117.7
,"2011","2011","Other bacterial diseases","A30-A49","70-74 years","70-74",17066,9607950,177.6
,"2011","2011","Other bacterial diseases","A30-A49","75-79 years","75-79",20424,7388687,276.4
,"2011","2011","Other bacterial diseases","A30-A49","80-84 years","80-84",24154,5786543,417.4
,"2011","2011","Other bacterial diseases","A30-A49","85-89 years","85-89",24287,Not Applicable,Not Applicable
,"2011","2011","Other bacterial diseases","A30-A49","90-94 years","90-94",14427,Not Applicable,Not Applicable
,"2011","2011","Other bacterial diseases","A30-A49","95-99 years","95-99",4785,Not Applicable,Not Applicable
,"2011","2011","Other bacterial diseases","A30-A49","100+ years","100+",817,Not Applicable,Not Applicable
,"2012","2012","Other bacterial diseases","A30-A49","< 1 year","1",467,3943077,11.8
,"2012","2012","Other bacterial diseases","A30-A49","1-4 years","1-4",197,16056267,1.2
,"2012","2012","Other bacterial diseases","A30-A49","5-9 years","5-9",125,20475536,0.6
,"2012","2012","Other bacterial diseases","A30-A49","10-14 years","10-14",131,20669218,0.6
,"2012","2012","Other bacterial diseases","A30-A49","15-19 years","15-19",223,21360702,1.0
,"2012","2012","Other bacterial diseases","A30-A49","20-24 years","20-24",443,22583203,2.0
,"2012","2012","Other bacterial diseases","A30-A49","25-29 years","25-29",686,21398326,3.2
,"2012","2012","Other bacterial diseases","A30-A49","30-34 years","30-34",983,20910995,4.7
,"2012","2012","Other bacterial diseases","A30-A49","35-39 years","35-39",1341,19488199,6.9
,"2012","2012","Other bacterial diseases","A30-A49","40-44 years","40-44",2426,21028221,11.5
,"2012","2012","Other bacterial diseases","A30-A49","45-49 years","45-49",4224,21689479,19.5
,"2012","2012","Other bacterial diseases","A30-A49","50-54 years","50-54",7362,22579259,32.6
,"2012","2012","Other bacterial diseases","A30-A49","55-59 years","55-59",10849,20772517,52.2
,"2012","2012","Other bacterial diseases","A30-A49","60-64 years ","60-64",13849,17813685,77.7
,"2012","2012","Other bacterial diseases","A30-A49","65-69 years","65-69",15796,13977353,113.0
,"2012","2012","Other bacterial diseases","A30-A49","70-74 years","70-74",17496,10008039,174.8
,"2012","2012","Other bacterial diseases","A30-A49","75-79 years","75-79",20118,7489583,268.6
,"2012","2012","Other bacterial diseases","A30-A49","80-84 years","80-84",23913,5783051,413.5
,"2012","2012","Other bacterial diseases","A30-A49","85-89 years","85-89",23995,Not Applicable,Not Applicable
,"2012","2012","Other bacterial diseases","A30-A49","90-94 years","90-94",14723,Not Applicable,Not Applicable
,"2012","2012","Other bacterial diseases","A30-A49","95-99 years","95-99",4859,Not Applicable,Not Applicable
,"2012","2012","Other bacterial diseases","A30-A49","100+ years","100+",875,Not Applicable,Not Applicable
,"2012","2012","Other bacterial diseases","A30-A49","Not Stated","NS",11,Not Applicable,Not Applicable
,"2013","2013","Other bacterial diseases","A30-A49","< 1 year","1",429,3941783,10.9
,"2013","2013","Other bacterial diseases","A30-A49","1-4 years","1-4",190,15926305,1.2
,"2013","2013","Other bacterial diseases","A30-A49","5-9 years","5-9",132,20570581,0.6
,"2013","2013","Other bacterial diseases","A30-A49","10-14 years","10-14",108,20650454,0.5
,"2013","2013","Other bacterial diseases","A30-A49","15-19 years","15-19",198,21158964,0.9
,"2013","2013","Other bacterial diseases","A30-A49","20-24 years","20-24",490,22795438,2.1
,"2013","2013","Other bacterial diseases","A30-A49","25-29 years","25-29",763,21580198,3.5
,"2013","2013","Other bacterial diseases","A30-A49","30-34 years","30-34",1063,21264389,5.0
,"2013","2013","Other bacterial diseases","A30-A49","35-39 years","35-39",1439,19603770,7.3
,"2013","2013","Other bacterial diseases","A30-A49","40-44 years","40-44",2485,20848920,11.9
,"2013","2013","Other bacterial diseases","A30-A49","45-49 years","45-49",4314,21208306,20.3
,"2013","2013","Other bacterial diseases","A30-A49","50-54 years","50-54",7681,22559226,34.0
,"2013","2013","Other bacterial diseases","A30-A49","55-59 years","55-59",11327,21194430,53.4
,"2013","2013","Other bacterial diseases","A30-A49","60-64 years ","60-64",14747,18122001,81.4
,"2013","2013","Other bacterial diseases","A30-A49","65-69 years","65-69",17284,14608717,118.3
,"2013","2013","Other bacterial diseases","A30-A49","70-74 years","70-74",18840,10608049,177.6
,"2013","2013","Other bacterial diseases","A30-A49","75-79 years","75-79",21330,7677881,277.8
,"2013","2013","Other bacterial diseases","A30-A49","80-84 years","80-84",24475,5768638,424.3
,"2013","2013","Other bacterial diseases","A30-A49","85-89 years","85-89",24516,Not Applicable,Not Applicable
,"2013","2013","Other bacterial diseases","A30-A49","90-94 years","90-94",15672,Not Applicable,Not Applicable
,"2013","2013","Other bacterial diseases","A30-A49","95-99 years","95-99",5246,Not Applicable,Not Applicable
,"2013","2013","Other bacterial diseases","A30-A49","100+ years","100+",886,Not Applicable,Not Applicable
,"2014","2014","Other bacterial diseases","A30-A49","< 1 year","1",421,3948350,10.7
,"2014","2014","Other bacterial diseases","A30-A49","1-4 years","1-4",170,15928533,1.1
,"2014","2014","Other bacterial diseases","A30-A49","5-9 years","5-9",104,20519566,0.5
,"2014","2014","Other bacterial diseases","A30-A49","10-14 years","10-14",130,20671506,0.6
,"2014","2014","Other bacterial diseases","A30-A49","15-19 years","15-19",208,21067647,1.0
,"2014","2014","Other bacterial diseases","A30-A49","20-24 years","20-24",523,22912174,2.3
,"2014","2014","Other bacterial diseases","A30-A49","25-29 years","25-29",703,21987938,3.2
,"2014","2014","Other bacterial diseases","A30-A49","30-34 years","30-34",1094,21528566,5.1
,"2014","2014","Other bacterial diseases","A30-A49","35-39 years","35-39",1611,19921650,8.1
,"2014","2014","Other bacterial diseases","A30-A49","40-44 years","40-44",2583,20591483,12.5
,"2014","2014","Other bacterial diseases","A30-A49","45-49 years","45-49",4483,20888042,21.5
,"2014","2014","Other bacterial diseases","A30-A49","50-54 years","50-54",8064,22570809,35.7
,"2014","2014","Other bacterial diseases","A30-A49","55-59 years","55-59",12245,21511449,56.9
,"2014","2014","Other bacterial diseases","A30-A49","60-64 years ","60-64",15735,18566132,84.8
,"2014","2014","Other bacterial diseases","A30-A49","65-69 years","65-69",18754,15325266,122.4
,"2014","2014","Other bacterial diseases","A30-A49","70-74 years","70-74",20468,11073024,184.8
,"2014","2014","Other bacterial diseases","A30-A49","75-79 years","75-79",22214,7922324,280.4
,"2014","2014","Other bacterial diseases","A30-A49","80-84 years","80-84",24525,5760366,425.8
,"2014","2014","Other bacterial diseases","A30-A49","85-89 years","85-89",24940,Not Applicable,Not Applicable
,"2014","2014","Other bacterial diseases","A30-A49","90-94 years","90-94",16792,Not Applicable,Not Applicable
,"2014","2014","Other bacterial diseases","A30-A49","95-99 years","95-99",5513,Not Applicable,Not Applicable
,"2014","2014","Other bacterial diseases","A30-A49","100+ years","100+",953,Not Applicable,Not Applicable
,"2015","2015","Other bacterial diseases","A30-A49","< 1 year","1",464,3978038,11.7
,"2015","2015","Other bacterial diseases","A30-A49","1-4 years","1-4",207,15929243,1.3
,"2015","2015","Other bacterial diseases","A30-A49","5-9 years","5-9",112,20487176,0.5
,"2015","2015","Other bacterial diseases","A30-A49","10-14 years","10-14",137,20622330,0.7
,"2015","2015","Other bacterial diseases","A30-A49","15-19 years","15-19",217,21108903,1.0
,"2015","2015","Other bacterial diseases","A30-A49","20-24 years","20-24",489,22739313,2.2
,"2015","2015","Other bacterial diseases","A30-A49","25-29 years","25-29",762,22461554,3.4
,"2015","2015","Other bacterial diseases","A30-A49","30-34 years","30-34",1234,21675648,5.7
,"2015","2015","Other bacterial diseases","A30-A49","35-39 years","35-39",1550,20374585,7.6
,"2015","2015","Other bacterial diseases","A30-A49","40-44 years","40-44",2686,20215198,13.3
,"2015","2015","Other bacterial diseases","A30-A49","45-49 years","45-49",4580,20853844,22.0
,"2015","2015","Other bacterial diseases","A30-A49","50-54 years","50-54",8265,22334317,37.0
,"2015","2015","Other bacterial diseases","A30-A49","55-59 years","55-59",12710,21807942,58.3
,"2015","2015","Other bacterial diseases","A30-A49","60-64 years ","60-64",16702,19069877,87.6
,"2015","2015","Other bacterial diseases","A30-A49","65-69 years","65-69",20594,16067468,128.2
,"2015","2015","Other bacterial diseases","A30-A49","70-74 years","70-74",22077,11483049,192.3
,"2015","2015","Other bacterial diseases","A30-A49","75-79 years","75-79",24068,8123833,296.3
,"2015","2015","Other bacterial diseases","A30-A49","80-84 years","80-84",25939,5799341,447.3
,"2015","2015","Other bacterial diseases","A30-A49","85-89 years","85-89",26796,Not Applicable,Not Applicable
,"2015","2015","Other bacterial diseases","A30-A49","90-94 years","90-94",18404,Not Applicable,Not Applicable
,"2015","2015","Other bacterial diseases","A30-A49","95-99 years","95-99",6172,Not Applicable,Not Applicable
,"2015","2015","Other bacterial diseases","A30-A49","100+ years","100+",1041,Not Applicable,Not Applicable
,"2016","2016","Other bacterial diseases","A30-A49","< 1 year","1",505,3970145,12.7
,"2016","2016","Other bacterial diseases","A30-A49","1-4 years","1-4",230,15956892,1.4
,"2016","2016","Other bacterial diseases","A30-A49","5-9 years","5-9",154,20429799,0.8
,"2016","2016","Other bacterial diseases","A30-A49","10-14 years","10-14",128,20618233,0.6
,"2016","2016","Other bacterial diseases","A30-A49","15-19 years","15-19",260,21129999,1.2
,"2016","2016","Other bacterial diseases","A30-A49","20-24 years","20-24",537,22381028,2.4
,"2016","2016","Other bacterial diseases","A30-A49","25-29 years","25-29",874,22890884,3.8
,"2016","2016","Other bacterial diseases","A30-A49","30-34 years","30-34",1252,21786359,5.7
,"2016","2016","Other bacterial diseases","A30-A49","35-39 years","35-39",1820,20773905,8.8
,"2016","2016","Other bacterial diseases","A30-A49","40-44 years","40-44",2719,19696251,13.8
,"2016","2016","Other bacterial diseases","A30-A49","45-49 years","45-49",4555,20947623,21.7
,"2016","2016","Other bacterial diseases","A30-A49","50-54 years","50-54",8182,21839056,37.5
,"2016","2016","Other bacterial diseases","A30-A49","55-59 years","55-59",13197,21980108,60.0
,"2016","2016","Other bacterial diseases","A30-A49","60-64 years ","60-64",17384,19483036,89.2
,"2016","2016","Other bacterial diseases","A30-A49","65-69 years","65-69",21637,16820083,128.6
,"2016","2016","Other bacterial diseases","A30-A49","70-74 years","70-74",22734,11810247,192.5
,"2016","2016","Other bacterial diseases","A30-A49","75-79 years","75-79",24278,8367895,290.1
,"2016","2016","Other bacterial diseases","A30-A49","80-84 years","80-84",25926,5865639,442.0
,"2016","2016","Other bacterial diseases","A30-A49","85-89 years","85-89",26299,Not Applicable,Not Applicable
,"2016","2016","Other bacterial diseases","A30-A49","90-94 years","90-94",18076,Not Applicable,Not Applicable
,"2016","2016","Other bacterial diseases","A30-A49","95-99 years","95-99",6319,Not Applicable,Not Applicable
,"2016","2016","Other bacterial diseases","A30-A49","100+ years","100+",1076,Not Applicable,Not Applicable
,"2016","2016","Other bacterial diseases","A30-A49","Not Stated","NS",13,Not Applicable,Not Applicable
,"2017","2017","Other bacterial diseases","A30-A49","< 1 year","1",444,3939295,11.3
,"2017","2017","Other bacterial diseases","A30-A49","1-4 years","1-4",173,15999565,1.1
,"2017","2017","Other bacterial diseases","A30-A49","5-9 years","5-9",133,20304238,0.7
,"2017","2017","Other bacterial diseases","A30-A49","10-14 years","10-14",120,20778454,0.6
,"2017","2017","Other bacterial diseases","A30-A49","15-19 years","15-19",202,21131660,1.0
,"2017","2017","Other bacterial diseases","A30-A49","20-24 years","20-24",462,22118635,2.1
,"2017","2017","Other bacterial diseases","A30-A49","25-29 years","25-29",930,23370460,4.0
,"2017","2017","Other bacterial diseases","A30-A49","30-34 years","30-34",1280,21972212,5.8
,"2017","2017","Other bacterial diseases","A30-A49","35-39 years","35-39",1883,21231997,8.9
,"2017","2017","Other bacterial diseases","A30-A49","40-44 years","40-44",2676,19643373,13.6
,"2017","2017","Other bacterial diseases","A30-A49","45-49 years","45-49",4587,20973858,21.9
,"2017","2017","Other bacterial diseases","A30-A49","50-54 years","50-54",7860,21401094,36.7
,"2017","2017","Other bacterial diseases","A30-A49","55-59 years","55-59",12956,22007956,58.9
,"2017","2017","Other bacterial diseases","A30-A49","60-64 years ","60-64",17980,19987702,90.0
,"2017","2017","Other bacterial diseases","A30-A49","65-69 years","65-69",22277,16836381,132.3
,"2017","2017","Other bacterial diseases","A30-A49","70-74 years","70-74",24468,12847065,190.5
,"2017","2017","Other bacterial diseases","A30-A49","75-79 years","75-79",25698,8741261,294.0
,"2017","2017","Other bacterial diseases","A30-A49","80-84 years","80-84",26337,5965290,441.5
,"2017","2017","Other bacterial diseases","A30-A49","85-89 years","85-89",26504,Not Applicable,Not Applicable
,"2017","2017","Other bacterial diseases","A30-A49","90-94 years","90-94",18632,Not Applicable,Not Applicable
,"2017","2017","Other bacterial diseases","A30-A49","95-99 years","95-99",7002,Not Applicable,Not Applicable
,"2017","2017","Other bacterial diseases","A30-A49","100+ years","100+",1065,Not Applicable,Not Applicable
"---"
"Dataset: Multiple Cause of Death, 1999-2020"
"Query Parameters:"
"MCD - ICD-10 Codes: A40.0 (Septicaemia due to streptococcus, group A); A40.1 (Septicaemia due to streptococcus, group B); A40.2"
"(Septicaemia due to streptococcus, group D); A40.3 (Septicaemia due to Streptococcus pneumoniae); A40.8 (Other streptococcal"
"septicaemia); A40.9 (Streptococcal septicaemia, unspecified); A41.0 (Septicaemia due to Staphylococcus aureus); A41.1"
"(Septicaemia due to other specified staphylococcus); A41.2 (Septicaemia due to unspecified staphylococcus); A41.3 (Septicaemia"
"due to Haemophilus influenzae); A41.4 (Septicaemia due to anaerobes); A41.5 (Septicaemia due to other Gram-negative organisms);"
"A41.8 (Other specified septicaemia); A41.9 (Septicaemia, unspecified)"
"Year/Month: 2010; 2011; 2012; 2013; 2014; 2015; 2016; 2017"
"Group By: Year; MCD - ICD Sub-Chapter; Five-Year Age Groups"
"Show Totals: Disabled"
"Show Zero Values: False"
"Show Suppressed: False"
"Calculate Rates Per: 100,000"
"Rate Options: Default intercensal populations for years 2001-2009 (except Infant Age Groups)"
"---"
"Help: See http://wonder.cdc.gov/wonder/help/mcd.html for more information."
"---"
"Query Date: Feb 25, 2026 2:18:59 AM"
"---"
"Suggested Citation: Centers for Disease Control and Prevention, National Center for Health Statistics. National Vital Statistics"
"System, Mortality 1999-2020 on CDC WONDER Online Database, released in 2021. Data are from the Multiple Cause of Death Files,"
"1999-2020, as compiled from data provided by the 57 vital statistics jurisdictions through the Vital Statistics Cooperative"
"Program. Accessed at http://wonder.cdc.gov/mcd-icd10.html on Feb 25, 2026 2:18:59 AM"
"---"
Messages:
"1. Totals are not available for these results due to suppression constraints. More Information:"
"http://wonder.cdc.gov/wonder/help/faq.html#Privacy."
"2. Rows with suppressed Deaths are hidden. Use Quick Options above to show suppressed rows."
"---"
Footnotes:
"1. Totals and sub-totals show the frequency of the selected causes of death, which may be greater than the number of deaths."
"Note that any single death record may have up to 20 causes. More information."
"---"
Caveats:
"1. Population and rates are labeled 'Not Applicable' when they include a subset of ages 85-100+ because populations are not"
"available for those ages. More information: http://wonder.cdc.gov/wonder/help/mcd.html#Ages 85-100."
"2. As of April 3, 2017, the underlying cause of death has been revised for 125 deaths in 2014. More information:"
"http://wonder.cdc.gov/wonder/help/mcd.html#2014-Revision."
"3. These items in the results table are not fully selected: Other bacterial diseases. The Query Description lists the actual"
"values selected."
"4. Data are Suppressed when the data meet the criteria for confidentiality constraints. More information:"
"http://wonder.cdc.gov/wonder/help/mcd.html#Assurance of Confidentiality."
"5. Death rates are flagged as Unreliable when the rate is calculated with a numerator of 20 or less. More information:"
"http://wonder.cdc.gov/wonder/help/mcd.html#Unreliable."
"6. Deaths of persons with Age ""Not Stated"" are included in ""All"" counts and rates, but are not distributed among age groups,"
"so are not included in age-specific counts, age-specific rates or in any age-adjusted rates. More information:"
"http://wonder.cdc.gov/wonder/help/mcd.html#Not Stated."
"7. The population figures for year 2020 are bridged-race estimates of the July 1 resident population, from the Vintage 2020"
"postcensal series released by NCHS on September 22, 2021. The population figures for year 2019 are bridged-race estimates of the"
"July 1 resident population, from the Vintage 2019 postcensal series released by NCHS on July 9, 2020. The population figures for"
"year 2018 are bridged-race estimates of the July 1 resident population, from the Vintage 2018 postcensal series released by NCHS"
"on June 25, 2019. The population figures for year 2017 are bridged-race estimates of the July 1 resident population, from the"
"Vintage 2017 postcensal series released by NCHS on June 27, 2018. The population figures for year 2016 are bridged-race"
"estimates of the July 1 resident population, from the Vintage 2016 postcensal series released by NCHS on June 26, 2017. The"
"population figures for year 2015 are bridged-race estimates of the July 1 resident population, from the Vintage 2015 postcensal"
"series released by NCHS on June 28, 2016. The population figures for year 2014 are bridged-race estimates of the July 1 resident"
"population, from the Vintage 2014 postcensal series released by NCHS on June 30, 2015. The population figures for year 2013 are"
"bridged-race estimates of the July 1 resident population, from the Vintage 2013 postcensal series released by NCHS on June 26,"
"2014. The population figures for year 2012 are bridged-race estimates of the July 1 resident population, from the Vintage 2012"
"postcensal series released by NCHS on June 13, 2013. Population figures for 2011 are bridged-race estimates of the July 1"
"resident population, from the county-level postcensal Vintage 2011 series released by NCHS on July 18, 2012. Population figures"
"for 2010 are April 1 Census counts. The population figures for years 2001 - 2009, are bridged-race estimates of the July 1"
"resident population, from the revised intercensal county-level 2000 - 2009 series released by NCHS on October 26, 2012."
"Population figures for 2000 are April 1 Census counts. Population figures for 1999 are from the 1990-1999 intercensal series of"
"July 1 estimates. Population figures for Infant Age Groups are the number of live births. <br/><b>Note:</b> Rates and population"
"figures for years 2001 - 2009 differ slightly from previously published reports, due to use of the population estimates which"
"were available at the time of release."
"8. The population figures used in the calculation of death rates for the age group 'under 1 year' are the estimates of the"
"resident population that is under one year of age. More information: http://wonder.cdc.gov/wonder/help/mcd.html#Age Group."
"9. Beginning with the 2018 data, changes have been implemented that affect the counts for ICD-10 cause of death codes O00-O99"
"compared to previous practice. In addition, data for the cause of death codes O00-O99 for 2003 through 2017 reflect differences"
"in information available to individual states and probable errors. Caution should be used in interpreting these data. More"
"information can be found at: https://www.cdc.gov/nchs/maternal-mortality/."
"10. On March 11, 2021, the 2019 mortality data on CDC WONDER was updated with the 2019 mortality data updated by NCHS on March"
"4, 2021 to include corrected information for residents of Texas affecting 5 records previously coded to cause code *U01.4,"
"Terrorism involving firearms (homicide). The underlying and multiple cause of death codes for 5 records were corrected in the"
"2019 data. Underlying and multiple cause of death codes for those 5 records were recoded to Assault (homicide) by other and"
"unspecified firearm discharge, ICD-10 code X95. The corrected final death records replaces the data released on December 22,"
"2020."
"11. Changes to cause of death classification affect reporting trends. More information:"
"http://wonder.cdc.gov/wonder/help/mcd.html#ICD-10 Changes."