"Notes","Year","Year Code","Place of Death","Place of Death Code","MCD - ICD Sub-Chapter","MCD - ICD Sub-Chapter Code",Deaths,Population,Crude Rate,Age Adjusted Rate
,"2010","2010","Medical Facility - Inpatient","1","Other bacterial diseases","A30-A49",14104,Not Applicable,Not Applicable,Not Applicable
,"2010","2010","Medical Facility - Inpatient","1","Renal failure","N17-N19",14165,Not Applicable,Not Applicable,Not Applicable
,"2010","2010","Medical Facility - Outpatient or ER","2","Other bacterial diseases","A30-A49",310,Not Applicable,Not Applicable,Not Applicable
,"2010","2010","Medical Facility - Outpatient or ER","2","Renal failure","N17-N19",310,Not Applicable,Not Applicable,Not Applicable
,"2010","2010","Decedent's home","4","Other bacterial diseases","A30-A49",174,Not Applicable,Not Applicable,Not Applicable
,"2010","2010","Decedent's home","4","Renal failure","N17-N19",174,Not Applicable,Not Applicable,Not Applicable
,"2010","2010","Hospice facility","5","Other bacterial diseases","A30-A49",271,Not Applicable,Not Applicable,Not Applicable
,"2010","2010","Hospice facility","5","Renal failure","N17-N19",273,Not Applicable,Not Applicable,Not Applicable
,"2010","2010","Nursing home/long term care","6","Other bacterial diseases","A30-A49",512,Not Applicable,Not Applicable,Not Applicable
,"2010","2010","Nursing home/long term care","6","Renal failure","N17-N19",514,Not Applicable,Not Applicable,Not Applicable
,"2010","2010","Other","7","Other bacterial diseases","A30-A49",122,Not Applicable,Not Applicable,Not Applicable
,"2010","2010","Other","7","Renal failure","N17-N19",123,Not Applicable,Not Applicable,Not Applicable
,"2010","2010","Place of death unknown","9","Other bacterial diseases","A30-A49",15,Not Applicable,Not Applicable,Not Applicable
,"2010","2010","Place of death unknown","9","Renal failure","N17-N19",15,Not Applicable,Not Applicable,Not Applicable
,"2011","2011","Medical Facility - Inpatient","1","Other bacterial diseases","A30-A49",14479,Not Applicable,Not Applicable,Not Applicable
,"2011","2011","Medical Facility - Inpatient","1","Renal failure","N17-N19",14567,Not Applicable,Not Applicable,Not Applicable
,"2011","2011","Medical Facility - Outpatient or ER","2","Other bacterial diseases","A30-A49",289,Not Applicable,Not Applicable,Not Applicable
,"2011","2011","Medical Facility - Outpatient or ER","2","Renal failure","N17-N19",290,Not Applicable,Not Applicable,Not Applicable
,"2011","2011","Decedent's home","4","Other bacterial diseases","A30-A49",221,Not Applicable,Not Applicable,Not Applicable
,"2011","2011","Decedent's home","4","Renal failure","N17-N19",223,Not Applicable,Not Applicable,Not Applicable
,"2011","2011","Hospice facility","5","Other bacterial diseases","A30-A49",290,Not Applicable,Not Applicable,Not Applicable
,"2011","2011","Hospice facility","5","Renal failure","N17-N19",293,Not Applicable,Not Applicable,Not Applicable
,"2011","2011","Nursing home/long term care","6","Other bacterial diseases","A30-A49",575,Not Applicable,Not Applicable,Not Applicable
,"2011","2011","Nursing home/long term care","6","Renal failure","N17-N19",579,Not Applicable,Not Applicable,Not Applicable
,"2011","2011","Other","7","Other bacterial diseases","A30-A49",134,Not Applicable,Not Applicable,Not Applicable
,"2011","2011","Other","7","Renal failure","N17-N19",133,Not Applicable,Not Applicable,Not Applicable
,"2011","2011","Place of death unknown","9","Other bacterial diseases","A30-A49",14,Not Applicable,Not Applicable,Not Applicable
,"2011","2011","Place of death unknown","9","Renal failure","N17-N19",14,Not Applicable,Not Applicable,Not Applicable
,"2012","2012","Medical Facility - Inpatient","1","Other bacterial diseases","A30-A49",13989,Not Applicable,Not Applicable,Not Applicable
,"2012","2012","Medical Facility - Inpatient","1","Renal failure","N17-N19",14058,Not Applicable,Not Applicable,Not Applicable
,"2012","2012","Medical Facility - Outpatient or ER","2","Other bacterial diseases","A30-A49",306,Not Applicable,Not Applicable,Not Applicable
,"2012","2012","Medical Facility - Outpatient or ER","2","Renal failure","N17-N19",307,Not Applicable,Not Applicable,Not Applicable
,"2012","2012","Decedent's home","4","Other bacterial diseases","A30-A49",230,Not Applicable,Not Applicable,Not Applicable
,"2012","2012","Decedent's home","4","Renal failure","N17-N19",232,Not Applicable,Not Applicable,Not Applicable
,"2012","2012","Hospice facility","5","Other bacterial diseases","A30-A49",383,Not Applicable,Not Applicable,Not Applicable
,"2012","2012","Hospice facility","5","Renal failure","N17-N19",386,Not Applicable,Not Applicable,Not Applicable
,"2012","2012","Nursing home/long term care","6","Other bacterial diseases","A30-A49",526,Not Applicable,Not Applicable,Not Applicable
,"2012","2012","Nursing home/long term care","6","Renal failure","N17-N19",534,Not Applicable,Not Applicable,Not Applicable
,"2012","2012","Other","7","Other bacterial diseases","A30-A49",146,Not Applicable,Not Applicable,Not Applicable
,"2012","2012","Other","7","Renal failure","N17-N19",146,Not Applicable,Not Applicable,Not Applicable
,"2012","2012","Place of death unknown","9","Other bacterial diseases","A30-A49",11,Not Applicable,Not Applicable,Not Applicable
,"2012","2012","Place of death unknown","9","Renal failure","N17-N19",11,Not Applicable,Not Applicable,Not Applicable
,"2013","2013","Medical Facility - Inpatient","1","Other bacterial diseases","A30-A49",14773,Not Applicable,Not Applicable,Not Applicable
,"2013","2013","Medical Facility - Inpatient","1","Renal failure","N17-N19",14849,Not Applicable,Not Applicable,Not Applicable
,"2013","2013","Medical Facility - Outpatient or ER","2","Other bacterial diseases","A30-A49",362,Not Applicable,Not Applicable,Not Applicable
,"2013","2013","Medical Facility - Outpatient or ER","2","Renal failure","N17-N19",365,Not Applicable,Not Applicable,Not Applicable
,"2013","2013","Decedent's home","4","Other bacterial diseases","A30-A49",254,Not Applicable,Not Applicable,Not Applicable
,"2013","2013","Decedent's home","4","Renal failure","N17-N19",256,Not Applicable,Not Applicable,Not Applicable
,"2013","2013","Hospice facility","5","Other bacterial diseases","A30-A49",361,Not Applicable,Not Applicable,Not Applicable
,"2013","2013","Hospice facility","5","Renal failure","N17-N19",366,Not Applicable,Not Applicable,Not Applicable
,"2013","2013","Nursing home/long term care","6","Other bacterial diseases","A30-A49",564,Not Applicable,Not Applicable,Not Applicable
,"2013","2013","Nursing home/long term care","6","Renal failure","N17-N19",566,Not Applicable,Not Applicable,Not Applicable
,"2013","2013","Other","7","Other bacterial diseases","A30-A49",147,Not Applicable,Not Applicable,Not Applicable
,"2013","2013","Other","7","Renal failure","N17-N19",149,Not Applicable,Not Applicable,Not Applicable
,"2013","2013","Place of death unknown","9","Other bacterial diseases","A30-A49",12,Not Applicable,Not Applicable,Not Applicable
,"2013","2013","Place of death unknown","9","Renal failure","N17-N19",12,Not Applicable,Not Applicable,Not Applicable
,"2014","2014","Medical Facility - Inpatient","1","Other bacterial diseases","A30-A49",15331,Not Applicable,Not Applicable,Not Applicable
,"2014","2014","Medical Facility - Inpatient","1","Renal failure","N17-N19",15443,Not Applicable,Not Applicable,Not Applicable
,"2014","2014","Medical Facility - Outpatient or ER","2","Other bacterial diseases","A30-A49",314,Not Applicable,Not Applicable,Not Applicable
,"2014","2014","Medical Facility - Outpatient or ER","2","Renal failure","N17-N19",316,Not Applicable,Not Applicable,Not Applicable
,"2014","2014","Decedent's home","4","Other bacterial diseases","A30-A49",250,Not Applicable,Not Applicable,Not Applicable
,"2014","2014","Decedent's home","4","Renal failure","N17-N19",251,Not Applicable,Not Applicable,Not Applicable
,"2014","2014","Hospice facility","5","Other bacterial diseases","A30-A49",469,Not Applicable,Not Applicable,Not Applicable
,"2014","2014","Hospice facility","5","Renal failure","N17-N19",475,Not Applicable,Not Applicable,Not Applicable
,"2014","2014","Nursing home/long term care","6","Other bacterial diseases","A30-A49",591,Not Applicable,Not Applicable,Not Applicable
,"2014","2014","Nursing home/long term care","6","Renal failure","N17-N19",594,Not Applicable,Not Applicable,Not Applicable
,"2014","2014","Other","7","Other bacterial diseases","A30-A49",99,Not Applicable,Not Applicable,Not Applicable
,"2014","2014","Other","7","Renal failure","N17-N19",102,Not Applicable,Not Applicable,Not Applicable
,"2014","2014","Place of death unknown","9","Other bacterial diseases","A30-A49",10,Not Applicable,Not Applicable,Not Applicable
,"2014","2014","Place of death unknown","9","Renal failure","N17-N19",10,Not Applicable,Not Applicable,Not Applicable
,"2015","2015","Medical Facility - Inpatient","1","Other bacterial diseases","A30-A49",16182,Not Applicable,Not Applicable,Not Applicable
,"2015","2015","Medical Facility - Inpatient","1","Renal failure","N17-N19",16335,Not Applicable,Not Applicable,Not Applicable
,"2015","2015","Medical Facility - Outpatient or ER","2","Other bacterial diseases","A30-A49",407,Not Applicable,Not Applicable,Not Applicable
,"2015","2015","Medical Facility - Outpatient or ER","2","Renal failure","N17-N19",412,Not Applicable,Not Applicable,Not Applicable
,"2015","2015","Decedent's home","4","Other bacterial diseases","A30-A49",299,Not Applicable,Not Applicable,Not Applicable
,"2015","2015","Decedent's home","4","Renal failure","N17-N19",302,Not Applicable,Not Applicable,Not Applicable
,"2015","2015","Hospice facility","5","Other bacterial diseases","A30-A49",584,Not Applicable,Not Applicable,Not Applicable
,"2015","2015","Hospice facility","5","Renal failure","N17-N19",587,Not Applicable,Not Applicable,Not Applicable
,"2015","2015","Nursing home/long term care","6","Other bacterial diseases","A30-A49",589,Not Applicable,Not Applicable,Not Applicable
,"2015","2015","Nursing home/long term care","6","Renal failure","N17-N19",593,Not Applicable,Not Applicable,Not Applicable
,"2015","2015","Other","7","Other bacterial diseases","A30-A49",85,Not Applicable,Not Applicable,Not Applicable
,"2015","2015","Other","7","Renal failure","N17-N19",85,Not Applicable,Not Applicable,Not Applicable
,"2016","2016","Medical Facility - Inpatient","1","Other bacterial diseases","A30-A49",15998,Not Applicable,Not Applicable,Not Applicable
,"2016","2016","Medical Facility - Inpatient","1","Renal failure","N17-N19",16198,Not Applicable,Not Applicable,Not Applicable
,"2016","2016","Medical Facility - Outpatient or ER","2","Other bacterial diseases","A30-A49",332,Not Applicable,Not Applicable,Not Applicable
,"2016","2016","Medical Facility - Outpatient or ER","2","Renal failure","N17-N19",336,Not Applicable,Not Applicable,Not Applicable
,"2016","2016","Medical Facility - Dead on Arrival","3","Other bacterial diseases","A30-A49",11,Not Applicable,Not Applicable,Not Applicable
,"2016","2016","Medical Facility - Dead on Arrival","3","Renal failure","N17-N19",11,Not Applicable,Not Applicable,Not Applicable
,"2016","2016","Decedent's home","4","Other bacterial diseases","A30-A49",336,Not Applicable,Not Applicable,Not Applicable
,"2016","2016","Decedent's home","4","Renal failure","N17-N19",337,Not Applicable,Not Applicable,Not Applicable
,"2016","2016","Hospice facility","5","Other bacterial diseases","A30-A49",563,Not Applicable,Not Applicable,Not Applicable
,"2016","2016","Hospice facility","5","Renal failure","N17-N19",569,Not Applicable,Not Applicable,Not Applicable
,"2016","2016","Nursing home/long term care","6","Other bacterial diseases","A30-A49",623,Not Applicable,Not Applicable,Not Applicable
,"2016","2016","Nursing home/long term care","6","Renal failure","N17-N19",628,Not Applicable,Not Applicable,Not Applicable
,"2016","2016","Other","7","Other bacterial diseases","A30-A49",106,Not Applicable,Not Applicable,Not Applicable
,"2016","2016","Other","7","Renal failure","N17-N19",109,Not Applicable,Not Applicable,Not Applicable
,"2017","2017","Medical Facility - Inpatient","1","Other bacterial diseases","A30-A49",16116,Not Applicable,Not Applicable,Not Applicable
,"2017","2017","Medical Facility - Inpatient","1","Renal failure","N17-N19",16361,Not Applicable,Not Applicable,Not Applicable
,"2017","2017","Medical Facility - Outpatient or ER","2","Other bacterial diseases","A30-A49",355,Not Applicable,Not Applicable,Not Applicable
,"2017","2017","Medical Facility - Outpatient or ER","2","Renal failure","N17-N19",359,Not Applicable,Not Applicable,Not Applicable
,"2017","2017","Decedent's home","4","Other bacterial diseases","A30-A49",358,Not Applicable,Not Applicable,Not Applicable
,"2017","2017","Decedent's home","4","Renal failure","N17-N19",361,Not Applicable,Not Applicable,Not Applicable
,"2017","2017","Hospice facility","5","Other bacterial diseases","A30-A49",740,Not Applicable,Not Applicable,Not Applicable
,"2017","2017","Hospice facility","5","Renal failure","N17-N19",748,Not Applicable,Not Applicable,Not Applicable
,"2017","2017","Nursing home/long term care","6","Other bacterial diseases","A30-A49",576,Not Applicable,Not Applicable,Not Applicable
,"2017","2017","Nursing home/long term care","6","Renal failure","N17-N19",583,Not Applicable,Not Applicable,Not Applicable
,"2017","2017","Other","7","Other bacterial diseases","A30-A49",94,Not Applicable,Not Applicable,Not Applicable
,"2017","2017","Other","7","Renal failure","N17-N19",96,Not Applicable,Not Applicable,Not Applicable
"---"
"Dataset: Multiple Cause of Death, 1999-2020"
"Query Parameters:"
"MCD - ICD-10 Codes: A40.0 (Septicaemia due to streptococcus, group A); A40.1 (Septicaemia due to streptococcus, group B); A40.2"
"(Septicaemia due to streptococcus, group D); A40.3 (Septicaemia due to Streptococcus pneumoniae); A40.8 (Other streptococcal"
"septicaemia); A40.9 (Streptococcal septicaemia, unspecified); A41.0 (Septicaemia due to Staphylococcus aureus); A41.1"
"(Septicaemia due to other specified staphylococcus); A41.2 (Septicaemia due to unspecified staphylococcus); A41.3 (Septicaemia"
"due to Haemophilus influenzae); A41.4 (Septicaemia due to anaerobes); A41.5 (Septicaemia due to other Gram-negative organisms);"
"A41.8 (Other specified septicaemia); A41.9 (Septicaemia, unspecified)"
"MCD - ICD-10 Codes: AND"
"MCD - ICD-10 Codes: N17.0 (Acute renal failure with tubular necrosis); N17.1 (Acute renal failure with acute cortical necrosis);"
"N17.2 (Acute renal failure with medullary necrosis); N17.8 (Other acute renal failure); N17.9 (Acute renal failure, unspecified)"
"Year/Month: 2010; 2011; 2012; 2013; 2014; 2015; 2016; 2017"
"Group By: Year; Place of Death; MCD - ICD Sub-Chapter"
"Show Totals: False"
"Show Zero Values: False"
"Show Suppressed: False"
"Standard Population: 2000 U.S. Std. Population"
"Calculate Rates Per: 100,000"
"Rate Options: Default intercensal populations for years 2001-2009 (except Infant Age Groups)"
"---"
"Help: See http://wonder.cdc.gov/wonder/help/mcd.html for more information."
"---"
"Query Date: Feb 11, 2026 12:58:46 PM"
"---"
"Suggested Citation: Centers for Disease Control and Prevention, National Center for Health Statistics. National Vital Statistics"
"System, Mortality 1999-2020 on CDC WONDER Online Database, released in 2021. Data are from the Multiple Cause of Death Files,"
"1999-2020, as compiled from data provided by the 57 vital statistics jurisdictions through the Vital Statistics Cooperative"
"Program. Accessed at http://wonder.cdc.gov/mcd-icd10.html on Feb 11, 2026 12:58:46 PM"
"---"
Messages:
"1. Rows with zero Deaths are hidden. Use Quick Options above to show zero rows."
"2. Rows with suppressed Deaths are hidden. Use Quick Options above to show suppressed rows."
"---"
Footnotes:
"1. Totals and sub-totals show the frequency of the selected causes of death, which may be greater than the number of deaths."
"Note that any single death record may have up to 20 causes. More information."
"---"
Caveats:
"1. Population and rates are labeled 'Not Applicable' when Autopsy, Place of Death, Weekday or Month are grouped by or limited,"
"due to lack of a valid population. More information: http://wonder.cdc.gov/wonder/help/mcd.html#NotApplicableRates."
"2. As of April 3, 2017, the underlying cause of death has been revised for 125 deaths in 2014. More information:"
"http://wonder.cdc.gov/wonder/help/mcd.html#2014-Revision."
"3. These items in the results table are not fully selected: Other bacterial diseases, Renal failure. The Query Description lists"
"the actual values selected."
"4. Data are Suppressed when the data meet the criteria for confidentiality constraints. More information:"
"http://wonder.cdc.gov/wonder/help/mcd.html#Assurance of Confidentiality."
"5. Death rates are flagged as Unreliable when the rate is calculated with a numerator of 20 or less. More information:"
"http://wonder.cdc.gov/wonder/help/mcd.html#Unreliable."
"6. The populations used to calculate standard age-adjusted rates are documented here: More information:"
"http://wonder.cdc.gov/wonder/help/mcd.html#2000 Standard Population."
"7. The method used to calculate age-adjusted rates is documented here: More information:"
"http://wonder.cdc.gov/wonder/help/mcd.html#Age-Adjusted Rates."
"8. Deaths for persons of unknown age are included in counts and crude rates, but are not included in age-adjusted rates."
"9. The Place of Death category 'Medical Facility - Status unknown' is only available from 1999 - 2002, and 'Hospice facility' is"
"only available for 2003 and later."
"10. Beginning with the 2018 data, changes have been implemented that affect the counts for ICD-10 cause of death codes O00-O99"
"compared to previous practice. In addition, data for the cause of death codes O00-O99 for 2003 through 2017 reflect differences"
"in information available to individual states and probable errors. Caution should be used in interpreting these data. More"
"information can be found at: https://www.cdc.gov/nchs/maternal-mortality/."
"11. On March 11, 2021, the 2019 mortality data on CDC WONDER was updated with the 2019 mortality data updated by NCHS on March"
"4, 2021 to include corrected information for residents of Texas affecting 5 records previously coded to cause code *U01.4,"
"Terrorism involving firearms (homicide). The underlying and multiple cause of death codes for 5 records were corrected in the"
"2019 data. Underlying and multiple cause of death codes for those 5 records were recoded to Assault (homicide) by other and"
"unspecified firearm discharge, ICD-10 code X95. The corrected final death records replaces the data released on December 22,"
"2020."
"12. Changes to cause of death classification affect reporting trends. More information:"
"http://wonder.cdc.gov/wonder/help/mcd.html#ICD-10 Changes."